ID,'r-i','i-z','z-y','y-3.6um','3.6um-4.5um',SpT
662803,-0.1382,-0.0886,0.0283,2.4436,-0.6800,BSG
183276,0.0380,0.0585,-0.0148,1.4278,-0.8400,BSG
236822,-0.1237,-0.0537,-0.0414,1.0890,-0.3100,BSG
493174,0.3375,0.2655,0.1806,1.7367,-0.1800,BSG
195969,-0.1237,-0.0555,-0.0057,1.0662,-0.2300,BSG
488118,0.0505,0.0930,0.0880,1.5659,-0.0700,BSG
42666,0.1557,0.5323,0.2040,3.3662,0.0400,BSG
472340,0.3277,0.2593,0.0864,1.6511,-0.0600,BSG
489977,0.2287,0.2891,0.0414,1.7569,-0.2100,BSG
536248,-0.0249,-0.0107,0.0240,1.4982,-0.4800,BSG
192327,-0.0878,0.0308,0.0453,0.6027,0.2700,BSG
530907,-0.0496,-0.0378,-0.0142,1.2229,-0.0500,BSG
499699,0.2494,0.2542,0.1467,1.2540,0.2100,BSG
473245,0.1261,0.0363,0.0187,1.5931,0.2400,BSG
220399,-0.1546,-0.1411,0.0155,2.4198,-0.5600,BSG
320485,-0.2071,-0.2552,-0.1039,1.3203,-0.2000,BSG
59094,-0.1701,-0.1418,-0.0812,0.8543,0.0800,BSG
165895,-0.1858,-0.1417,0.1331,3.2584,-0.5500,BSG
563908,-0.0052,0.0184,0.0811,2.7495,-0.1500,BSG
79975,-0.2587,-0.1558,-0.0438,2.6784,-0.3400,BSG
132936,-0.1403,-0.1555,-0.0536,3.9471,-1.7900,BSG
557615,-0.1695,-0.0619,0.1586,2.8571,-0.5100,BSG
763571,-0.1150,-0.2748,-0.0501,1.4741,-0.1600,BSG
262766,-0.1659,-0.2586,-0.0958,1.6839,-0.5200,BSG
675875,-0.0080,-0.0799,-0.0763,2.0492,-0.5000,BSG
344551,-0.2057,-0.2356,-0.0476,1.1627,-0.3500,BSG
630065,-0.0731,0.0223,0.0076,2.3134,-0.1300,BSG
17132,-0.2312,-0.1559,-0.0079,2.7558,-0.0900,BSG
16285,-0.3253,-0.2220,0.1609,4.0421,-0.2900,BSG
505061,-0.1298,-0.2394,-0.0550,2.5398,0.1400,BSG
478847,-0.2011,-0.1199,-0.0913,0.7374,0.0800,BSG
103150,-0.0142,0.3665,0.1128,3.4060,-0.5400,BSG
273989,-0.1061,-0.0583,0.0218,1.5298,-0.0500,BSG
538157,0.0931,-0.0932,0.0671,2.1980,-0.1300,BSG
806441,-0.3096,-0.2702,0.0167,1.3379,0.1500,BSG
125005,-0.3046,-0.1445,-0.0225,2.5348,-0.2300,BSG
801978,-0.2663,-0.2115,-0.1900,1.3954,-0.5000,BSG
88229,-0.0932,-0.1800,-0.0546,1.2404,-0.0900,BSG
116777,-0.1451,-0.2508,-0.0062,1.6407,0.0100,BSG
350677,-0.2151,-0.1791,-0.0010,1.3685,-0.4100,BSG
579064,-0.1125,-0.1090,0.0805,0.8108,0.0100,BSG
636493,-0.0654,-0.0579,-0.0468,1.6678,-0.0100,BSG
293275,-0.1768,-0.1202,-0.0002,2.0442,-0.3000,BSG
688207,-0.2700,-0.1922,-0.2665,1.3633,0.5800,BSG
130807,-0.1528,-0.1226,-0.0650,0.7985,0.1200,BSG
627890,-0.1429,-0.1360,-0.0323,0.9475,-0.0500,BSG
30166,-0.0713,-0.0589,-0.0831,1.4223,-0.0600,BSG
167712,-0.1299,-0.0976,-0.0600,1.3531,-0.1400,BSG
588992,-0.0464,-0.0568,-0.0795,1.3433,-0.1600,BSG
165114,-0.0573,-0.1115,0.0553,2.7215,-0.1900,BSG
246567,0.0969,-0.0023,0.0251,1.3473,0.0300,BSG
280538,-0.1904,-0.1698,-0.0326,1.5830,0.0100,BSG
58492,-0.1114,-0.1264,-0.0910,1.2626,-0.0200,BSG
113147,-0.1098,-0.0435,-0.0223,0.9860,0.2000,BSG
544504,-0.1700,-0.1495,0.0411,3.0060,0.0200,BSG
576001,-0.1163,-0.1244,-0.0592,1.3518,-0.1600,BSG
618782,-0.0278,0.0205,-0.1524,1.4334,-0.2200,BSG
732763,-0.0889,-0.1155,0.2492,2.1226,-0.4300,BSG
166210,-0.1320,-0.0962,-0.0730,1.6631,-0.3800,BSG
296891,0.0307,0.0304,-0.0100,1.2599,-0.3500,BSG
590227,0.0561,-0.0079,0.0265,1.5058,-0.2000,BSG
128868,-0.0631,-0.0733,-0.0767,1.5312,-0.0800,BSG
131417,-0.0479,-0.0648,-0.0626,2.7924,-0.3200,BSG
174071,-0.0362,-0.0271,-0.0774,1.3276,-0.5300,BSG
443475,0.0628,-0.0763,0.1018,2.3115,-0.1900,BSG
512686,0.0752,0.0350,0.1866,2.6670,-0.1900,BSG
571380,-0.0520,-0.0222,-0.0904,2.9629,0.2300,BSG
610287,-0.0145,0.0065,0.1821,2.6621,-0.6000,BSG
678550,-0.0193,-0.0347,-0.0363,0.8543,0.0500,BSG
747861,-0.0210,-0.0168,-0.0412,1.2267,-0.3400,BSG
751960,-0.0583,-0.1303,0.0508,2.1647,-1.0900,BSG
98428,-0.1994,-0.1424,-0.1074,0.9272,-0.1000,BSG
209297,-0.0969,-0.1414,-0.0368,0.7248,0.1600,BSG
563951,0.0198,0.0146,0.0421,1.1104,0.0700,BSG
100867,-0.1110,-0.0956,-0.0527,0.9915,-0.1600,BSG
117965,-0.1922,-0.1486,-0.1150,0.7405,-0.2700,BSG
155020,-0.0544,-0.0513,-0.0496,0.8814,0.0000,BSG
260587,-0.1937,-0.0905,-0.1478,0.7231,-0.1700,BSG
304638,-0.1664,-0.1134,-0.1463,1.2339,-0.3700,BSG
579693,-0.1016,-0.1166,0.0376,2.1740,-0.5300,BSG
587950,0.1051,-0.0109,-0.0197,1.3052,-0.2300,BSG
622363,-0.1365,-0.0921,-0.1342,1.1191,-0.1100,BSG
628540,-0.0869,-0.1402,-0.0194,1.2499,-0.1700,BSG
49099,0.0285,0.0234,0.0225,1.1192,0.0800,BSG
177810,-0.1474,-0.0900,-0.0905,1.3934,-0.1800,BSG
228144,0.0649,-0.0280,0.0992,1.3419,-0.0900,BSG
22912,-0.1026,-0.0833,-0.0442,0.9845,0.0400,BSG
66040,-0.1497,-0.1056,-0.0457,2.3659,-0.5000,BSG
243571,-0.1081,-0.0911,-0.0292,0.5833,-0.2000,BSG
539088,-0.1439,-0.0774,-0.0535,1.1624,-0.0700,BSG
42886,0.2989,0.2146,0.1302,2.8289,-0.2900,BSG
234449,-0.1250,-0.0154,0.0507,3.2068,-0.7300,BSG
288210,-0.1187,-0.0956,-0.1030,1.4480,0.1800,BSG
453200,0.7928,0.2854,0.2263,3.1196,-1.1800,BSG
63230,0.1446,0.0816,0.0847,1.2747,-0.0800,BSG
453818,-0.6341,0.0407,0.2958,3.9161,-0.0100,BSG
627967,-0.2100,-0.1701,0.0580,2.3541,-0.4500,BSG
136291,-0.1814,-0.2237,0.0680,3.4372,-0.7400,BSG
109037,-0.2607,-0.0428,0.2447,3.1983,-0.3200,BSG
283048,-0.1423,-0.0980,-0.1575,2.5307,-0.4000,BSG
327393,-0.1171,-0.1035,0.1432,2.4417,-0.5700,BSG
692770,-0.1479,-0.1504,-0.0503,2.2856,-0.7400,BSG
468471,-0.2803,-0.0992,-0.0519,3.0815,0.0800,BSG
641984,0.0985,-0.5400,0.2203,2.1439,0.2000,BSG
1633,0.2194,0.1549,0.2227,2.7863,-0.6100,BSG
3362,0.3752,0.2965,0.2432,2.6317,-0.2500,BSG
9695,-0.1334,-0.1883,0.1260,2.1696,-0.2600,BSG
50668,-0.0852,-0.0785,0.0144,1.2641,-0.4500,BSG
2966,-0.2720,-0.0259,-0.1581,2.4485,0.8800,BSG
9842,-0.2759,-0.1126,0.1278,2.3304,0.1000,BSG
9308,-0.0536,-0.0521,-0.0694,1.7957,0.4600,BSG
111,0.3869,0.3612,0.6278,4.1369,0.0200,BSG
148,0.3802,0.2896,0.2046,2.8512,0.2300,BSG
173,0.8197,0.4496,0.1741,2.9699,-0.1000,BSG
250,0.2536,0.3690,0.0827,3.0616,-0.1200,BSG
326,0.2843,0.1620,-0.0121,3.1132,-0.4000,BSG
511,-0.4934,-0.0281,0.2480,3.5838,0.3100,BSG
585,0.0758,0.2254,0.0212,2.4199,-0.3300,BSG
1316,0.0696,0.2717,0.2401,3.4454,0.3100,BSG
1384,-0.3240,-0.2158,-0.0484,4.3981,0.4200,BSG
1414,-0.2462,0.1005,0.0316,2.5380,-0.2300,BSG
1646,0.9895,0.1585,0.2877,3.0593,-0.2900,BSG
1937,-0.0405,0.1246,0.0508,2.0134,-0.1800,BSG
3107,-0.1652,-0.2904,0.1899,2.2927,-0.2400,BSG
3169,-0.0827,0.0702,-0.0819,1.0013,0.1200,BSG
3239,-0.1058,-0.0348,-0.0271,3.4238,0.4500,BSG
3892,0.3221,0.2066,0.1733,2.6071,-0.2400,BSG
4277,0.0606,-0.0243,0.0845,2.1229,-0.1900,BSG
4475,-0.3936,0.2129,-0.0375,3.9558,-0.2800,BSG
4610,-0.1617,0.0665,-0.0262,1.2927,-0.0200,BSG
4931,-0.0444,-0.0801,0.0590,2.2339,-0.2300,BSG
5003,-0.2387,0.0257,0.0475,2.7933,-0.1300,BSG
5616,0.4813,0.4256,0.4537,2.8418,-0.1000,BSG
6306,-0.1958,-0.0849,0.0147,1.4343,0.4000,BSG
6618,-0.1252,-0.0194,0.0259,0.9740,0.0700,BSG
7185,-0.0048,-0.0304,-0.0230,1.2466,-0.0100,BSG
7323,0.0401,0.0009,0.0592,2.1683,-0.0400,BSG
7363,-0.1551,-0.0024,-0.0353,0.8828,0.0400,BSG
8002,0.1517,0.1989,0.1306,1.4508,0.0400,BSG
8145,-0.1421,0.0379,0.0407,2.0378,0.1300,BSG
9410,-0.0762,0.0520,0.0418,0.8532,0.0000,BSG
9855,-0.2027,-0.0384,-0.0202,1.1376,0.0900,BSG
9946,-0.1331,-0.0334,-0.0387,1.0570,0.4000,BSG
10159,-0.1836,-0.1851,-0.0150,1.9895,-0.0200,BSG
10355,-0.0160,0.0329,0.0507,1.3685,-0.0500,BSG
11138,-0.0763,-0.1653,-0.0815,0.8030,0.0100,BSG
11490,-0.1799,-0.1335,-0.0929,0.6450,0.0000,BSG
11665,-0.0829,-0.0862,-0.0440,0.6579,0.0500,BSG
12210,-0.1568,-0.1546,-0.0416,2.5637,0.3700,BSG
12832,-0.0869,-0.2359,0.2041,2.3048,0.1600,BSG
13253,-0.2200,-0.0585,-0.0142,2.7965,-0.1300,BSG
13790,-0.1334,-0.1404,-0.0739,1.0756,0.0700,BSG
13896,-0.0894,-0.0589,-0.0665,0.8148,0.0900,BSG
14486,-0.1992,-0.2112,-0.0297,2.6147,-0.1000,BSG
15102,-0.1326,-0.1356,-0.0381,0.6079,0.0500,BSG
15803,-0.2603,-0.1014,0.0261,2.0709,-0.0100,BSG
15929,-0.0937,-0.0031,0.0041,1.8333,-0.2700,BSG
15971,-0.1207,0.0099,-0.0115,1.5721,0.0800,BSG
16372,-0.3726,-0.1213,-0.0182,0.9714,0.8500,BSG
16577,-0.1874,-0.2093,0.0025,1.7809,0.1200,BSG
16726,-0.1240,-0.0564,-0.0612,0.7520,0.0400,BSG
19180,-0.2440,-0.2189,-0.0930,0.8503,-0.0500,BSG
20055,-0.2028,-0.1833,-0.0731,0.6185,0.0800,BSG
20249,-0.0572,-0.0001,-0.0038,0.9012,-0.1700,BSG
20941,-0.2117,-0.1877,-0.0754,0.7111,0.0900,BSG
20978,0.0014,0.0163,-0.0088,0.9241,0.0400,BSG
22225,-0.1817,-0.1156,0.0054,2.5970,0.1800,BSG
22242,-0.3183,-0.1423,-0.0590,2.4219,0.1500,BSG
22730,-0.1513,0.0171,-0.0682,0.3156,-0.3200,BSG
23001,-0.1946,-0.1288,-0.1308,1.5052,-0.2800,BSG
23598,-0.1952,-0.2124,0.0778,2.6418,0.0200,BSG
25458,-0.2915,-0.2102,-0.0621,2.6132,-0.2900,BSG
25579,-0.1592,-0.0542,-0.0134,2.0193,-0.0300,BSG
25900,-0.1542,-0.0900,-0.0613,0.5625,0.0200,BSG
25990,-0.1501,0.2668,0.1985,2.4572,-0.0600,BSG
26064,-0.0413,0.0718,0.0553,0.9006,0.0100,BSG
26599,-0.1906,-0.0935,-0.0301,0.7581,-0.1300,BSG
30852,-0.1653,-0.1159,-0.0397,0.5307,0.0000,BSG
32094,-0.1367,-0.0750,0.0040,1.9201,-0.1700,BSG
32180,-0.1322,-0.0823,-0.0269,0.7448,0.0300,BSG
32664,-0.2439,-0.1858,-0.0866,0.7365,0.0900,BSG
33338,-0.2888,-0.2064,-0.0936,0.3796,0.5300,BSG
34404,-0.1517,-0.1086,0.0011,1.2455,-0.1100,BSG
34563,-0.1284,-0.0417,0.0086,0.6419,0.1200,BSG
34785,-0.2063,-0.1455,-0.1134,1.4529,0.4800,BSG
34793,-0.0877,0.0147,-0.0083,0.7365,0.0200,BSG
34953,-0.1773,-0.0201,-0.0658,0.4459,-0.0100,BSG
35264,-0.1661,-0.1300,-0.0561,-0.0140,-0.2200,BSG
36520,-0.1434,-0.0486,-0.0514,1.1850,-0.2900,BSG
37996,-0.2731,-0.2846,-0.0584,0.9622,-0.1000,BSG
38106,-0.2057,-0.1722,-0.0243,2.0654,0.1600,BSG
38454,-0.1402,-0.0882,-0.0411,1.0848,-0.0100,BSG
38724,-0.1050,-0.0261,-0.0654,0.7242,-0.2000,BSG
39279,-0.2865,-0.1398,-0.0822,0.8922,-0.1700,BSG
39493,-0.2596,-0.2012,-0.0896,1.0145,0.2200,BSG
40429,-0.1405,-0.0363,-0.0179,0.7286,-0.0100,BSG
40570,-0.1688,-0.1440,-0.0821,0.9318,-0.0900,BSG
40714,-0.3960,-0.2783,0.0183,0.9349,-0.2200,BSG
40788,-0.1408,-0.0181,0.0171,2.2843,-0.0100,BSG
41607,-0.1461,-0.0111,-0.0552,0.7931,0.0700,BSG
41649,-0.6243,-0.2897,0.3122,1.7473,0.4300,BSG
41662,-0.1412,-0.0868,-0.0207,0.9314,-0.2600,BSG
43903,-0.2607,-0.1689,-0.1208,1.0333,-0.1000,BSG
44304,-0.1839,-0.1287,-0.0587,0.3888,-0.0600,BSG
44389,0.0713,-0.3512,0.2232,1.9148,-0.3100,BSG
44917,-0.0525,-0.0838,-0.0546,0.8678,-0.0200,BSG
44947,-0.1324,-0.1116,-0.0708,0.5160,-0.0100,BSG
46479,-0.1744,-0.0631,0.0101,1.0443,-0.1100,BSG
47208,-0.2130,-0.1135,-0.1246,2.0613,-0.2200,BSG
47465,-0.2360,0.0002,-0.0590,0.7459,-0.0900,BSG
48006,-0.1680,-0.1134,-0.0153,0.4735,0.0000,BSG
48184,-0.2970,-0.2158,-0.0650,0.6738,0.1300,BSG
49523,-0.2093,-0.0767,-0.0415,1.4476,-0.2800,BSG
50148,-0.2214,-0.1983,-0.0377,0.8082,0.1900,BSG
50182,-0.1216,-0.0841,0.0087,1.1920,0.1400,BSG
50295,-0.2470,-0.2005,-0.0644,0.9236,-0.2700,BSG
50408,-0.2520,-0.2350,-0.0987,0.7431,0.2300,BSG
50677,-0.2194,-0.1519,-0.0915,0.7929,-0.3100,BSG
50986,-0.2865,-0.1398,-0.0822,0.3722,-0.0600,BSG
51879,0.0215,0.0068,0.1352,1.7101,0.2100,BSG
51888,-0.2556,-0.2339,-0.0049,0.8297,0.3700,BSG
52103,-0.1299,-0.0919,0.0409,1.4674,-0.4400,BSG
52406,-0.2043,-0.2680,0.0742,2.2257,-0.2700,BSG
53543,-0.3104,-0.1970,-0.2214,2.3069,-0.2200,BSG
53993,-0.1947,-0.1896,-0.1160,0.3492,-0.1200,BSG
54202,-0.1396,-0.1554,-0.0675,1.0518,0.0600,BSG
54486,-0.0475,-0.0042,0.0340,0.6805,0.1100,BSG
55539,-0.3216,-0.1909,-0.0893,1.0363,0.0300,BSG
56071,-0.0900,0.0045,0.0024,0.7674,0.1100,BSG
57539,-0.2886,-0.2053,-0.1318,1.0826,-0.0800,BSG
58131,-0.1338,-0.1399,0.0582,0.6758,-0.0500,BSG
58338,-0.2752,-0.1829,-0.0844,1.0399,-0.2000,BSG
58569,-0.1814,-0.1345,-0.0807,0.5806,-0.1500,BSG
59250,-0.1817,-0.1939,-0.1102,0.1929,0.1800,BSG
61669,-0.2187,-0.1747,-0.0766,-0.0782,0.1900,BSG
62014,-0.1595,-0.0632,-0.0281,0.1650,-0.0400,BSG
62594,-0.0242,0.0238,0.1255,2.0179,-0.9800,BSG
67726,-0.2847,-0.2090,-0.1394,0.4825,0.1600,BSG
69093,0.0244,0.1119,0.2039,2.0358,-0.8200,BSG
69102,-0.2185,-0.1876,-0.1622,0.9930,0.1600,BSG
69959,-0.2417,-0.1908,-0.1025,0.0215,0.1600,BSG
70587,-0.2313,-0.1864,-0.0615,0.9586,-0.0300,BSG
71712,-0.1508,-0.1462,0.1314,1.0928,-0.0800,BSG
71858,-0.2557,-0.2100,-0.1282,0.1740,-0.1000,BSG
71947,-0.2401,-0.1879,-0.0959,0.4847,-0.3900,BSG
73274,-0.1961,-0.1781,-0.0268,0.9316,0.0600,BSG
73655,-0.1972,-0.1948,-0.0841,-0.1146,-0.0500,BSG
76049,-0.2189,-0.2138,-0.0539,1.4354,-0.6000,BSG
76262,-0.2771,-0.1784,-0.0815,0.2368,-0.6200,BSG
78307,-0.3019,-0.2435,0.0886,0.4284,0.1800,BSG
638116,0.0795,0.0709,0.0617,1.0032,-0.2000,YSG
446942,0.2639,0.1031,0.0399,1.8307,-0.0500,YSG
541526,0.0372,0.0430,0.0991,1.3773,-0.0100,YSG
113752,-0.0224,0.0343,0.0231,1.4052,-0.1200,YSG
129001,-0.0170,0.0460,0.0088,1.5945,-0.7600,YSG
563990,-0.0623,0.0337,0.0243,1.3950,-0.1900,YSG
10685,0.0865,0.1042,0.0527,1.2873,0.1700,YSG
449452,0.2279,0.1190,0.1212,1.3083,0.1400,YSG
492231,0.0971,0.8441,-0.7365,1.2060,-0.1900,YSG
443804,0.1324,0.1383,0.0831,1.9653,-0.0400,YSG
482275,0.0923,0.0496,0.0590,1.2336,0.0900,YSG
452621,0.2546,0.1777,0.1195,1.4305,0.2400,YSG
510271,0.1320,0.0870,0.0659,1.1792,0.4100,YSG
446140,0.1917,0.1702,0.0594,1.3855,0.1900,YSG
447670,0.2421,0.2098,0.0541,1.9113,0.1700,YSG
451006,0.2304,0.2039,0.0970,1.5834,0.1500,YSG
456442,0.2028,0.1018,0.0859,1.5600,-0.1000,YSG
446178,0.2613,0.1432,0.1106,1.4018,0.2200,YSG
493704,0.1931,0.0473,0.0690,1.5443,-0.1000,YSG
51610,0.2030,0.1058,0.0534,1.4104,0.1200,YSG
477961,0.3344,0.3281,0.0950,1.7014,-1.0800,YSG
564685,0.1013,0.0716,0.0745,1.3595,0.0400,YSG
7783,0.1198,0.0481,0.0760,1.5816,0.1100,YSG
13927,0.0018,0.0306,0.0907,1.6182,-0.4200,YSG
3318,0.1324,0.0798,0.0030,1.6663,-0.0800,YSG
41174,-0.2791,-0.0213,-0.0610,0.9622,0.0200,YSG
82,0.3355,0.1101,0.0967,4.0684,0.5900,YSG
138,0.1928,0.1438,-0.0674,4.7281,0.9200,YSG
177,0.1166,0.0841,0.0569,2.4796,0.4100,YSG
544,0.0083,0.2394,-0.1606,2.2338,0.2700,YSG
1012,0.0037,0.2229,0.3057,2.7812,-0.3000,YSG
1452,0.0338,0.0988,-0.0021,1.5655,0.0200,YSG
1797,0.3191,0.0952,0.0745,1.4610,0.0800,YSG
1981,-0.0639,0.1158,-0.0070,1.6626,0.1900,YSG
2059,0.1544,0.1412,0.0703,1.4653,0.1100,YSG
2281,0.1827,0.1799,-0.0021,2.1463,-0.2600,YSG
2878,0.0370,0.1422,0.0480,1.2839,0.2000,YSG
3479,-0.0006,0.2052,-0.0054,1.5153,0.0800,YSG
3613,0.3654,0.1699,0.1443,1.7605,-0.0600,YSG
3622,0.1484,0.1069,0.1077,1.6501,0.1100,YSG
3900,0.0489,0.1561,0.0111,1.5387,0.0400,YSG
4162,0.1141,0.0111,0.0872,1.3619,0.0900,YSG
4167,0.2152,0.0267,0.1108,1.4274,0.0700,YSG
5071,0.2061,0.0658,0.0365,1.1135,0.0500,YSG
5073,0.0996,-0.0145,0.1462,1.6105,-0.0300,YSG
5090,0.0489,0.0250,0.0719,1.4426,0.3200,YSG
5650,-0.0378,0.0625,0.0361,1.0995,-0.0300,YSG
5651,0.0628,0.0726,0.0560,1.0878,0.0500,YSG
5703,-0.0623,0.0178,0.0295,2.4368,-0.1800,YSG
6036,0.1119,0.0780,0.0600,1.1995,0.0300,YSG
6209,0.2510,0.1493,0.1336,1.3499,-0.0300,YSG
6247,0.1357,0.0260,-0.0100,1.5023,0.1800,YSG
6266,-0.0627,-0.0139,0.0167,0.8727,0.0500,YSG
6305,0.0366,0.1378,-0.0172,1.4687,-0.3300,YSG
6861,0.0348,0.0707,0.0722,1.2845,-0.1600,YSG
6995,0.0225,0.0659,0.0749,1.2549,-0.0700,YSG
7519,-0.0136,0.0163,0.0415,1.1013,-0.1800,YSG
7575,-0.0342,0.0796,0.0481,0.9618,0.0000,YSG
7706,0.2354,0.1977,0.1686,1.5556,0.0200,YSG
7734,0.0842,0.0480,0.0661,1.1688,-0.1300,YSG
7828,0.3380,0.2375,0.1723,2.2010,-0.3400,YSG
8246,-0.0323,-0.0023,0.0088,1.0592,-0.1100,YSG
8305,0.1138,0.2035,0.1109,2.0047,-0.2100,YSG
8872,-0.1209,0.0268,0.0053,1.4082,-0.1200,YSG
8943,-0.0116,0.0561,0.0286,0.9759,-0.0200,YSG
9255,-0.1296,0.0232,-0.0480,0.8547,-0.0500,YSG
10338,-0.0528,0.0368,0.0016,1.0751,-0.1400,YSG
10764,0.0941,0.0190,0.0420,1.1982,0.0300,YSG
10928,-0.0569,0.0739,0.0317,1.8492,-0.1700,YSG
11031,-0.0906,0.0594,0.0091,0.8792,-0.0400,YSG
12856,-0.0183,0.0690,0.0876,1.9422,0.0500,YSG
12926,-0.0304,0.0594,0.0334,0.8499,0.0100,YSG
13152,-0.0639,0.0220,-0.0003,0.9212,0.0100,YSG
13979,0.1057,0.0507,0.0576,1.4655,-0.0100,YSG
15152,0.1737,0.0833,0.0612,1.3983,-0.1300,YSG
16351,-0.0118,0.0615,0.0298,1.0573,-0.8200,YSG
16653,-0.0637,0.0240,0.0221,1.1523,-0.4000,YSG
16898,0.0943,0.0418,0.0628,1.1788,-0.0500,YSG
17030,0.0077,0.0211,0.0390,0.9771,-0.0600,YSG
17043,-0.0358,0.0718,0.0025,1.0652,0.0200,YSG
20326,-0.1113,-0.0256,-0.0255,0.6291,0.0500,YSG
23139,0.1426,0.0304,0.0556,1.2683,0.0200,YSG
23563,0.0391,0.0401,0.0241,1.1475,0.0400,YSG
24147,-0.0984,-0.0152,0.0016,1.4937,-0.1300,YSG
25647,-0.0471,0.0091,0.0374,1.0086,-0.0500,YSG
26878,0.0288,0.0397,0.0224,0.9449,-0.0500,YSG
41672,-0.0809,-0.0264,0.0230,0.7288,-0.0300,YSG
45166,-0.0273,0.0325,0.0296,1.0282,-0.1000,YSG
46030,-0.1634,-0.0253,-0.0521,0.6695,0.0100,YSG
46518,-0.0422,0.0084,0.0600,0.5200,0.0500,YSG
49307,-0.0802,0.0112,0.0241,0.4957,0.1500,YSG
51288,-0.0869,-0.0211,-0.0046,0.9962,-0.4600,YSG
53060,-0.0847,-0.0318,0.0686,0.6572,0.0000,YSG
55556,-0.0943,0.0099,0.0457,0.1794,-0.3000,YSG
56156,-0.1448,-0.0018,-0.0374,1.1611,-0.1600,YSG
57615,-0.1214,-0.0616,0.0112,0.7343,-0.2500,YSG
59840,-0.2234,-0.1255,-0.0089,-0.3990,0.7500,YSG
61912,0.0352,0.0118,0.0654,1.0300,-0.7900,YSG
74466,-0.1024,0.0101,0.0086,-0.3693,0.1300,YSG
1797,0.4839,0.3948,0.2126,2.7165,0.3900,RSG
2374,0.9538,0.3367,0.3062,3.4759,0.3200,RSG
6054,0.3982,0.1465,0.2604,3.4352,0.2200,RSG
7736,0.7141,0.4116,0.1908,2.5115,-0.1800,RSG
10648,0.7698,0.2343,0.1905,3.3566,-0.6600,RSG
11334,0.7021,0.3822,0.2828,2.3849,0.0700,RSG
28492,0.5005,0.2772,0.1418,2.5263,-0.5800,RSG
47568,0.8381,0.5137,0.3174,2.0522,-0.2800,RSG
449707,0.9379,0.5546,0.2450,2.3247,-0.3900,RSG
450507,0.6498,0.5231,0.1218,2.4561,0.0800,RSG
455402,0.4949,0.2672,0.1787,2.5689,-0.4100,RSG
485584,0.6409,0.2206,0.1550,2.6277,-0.4100,RSG
22712,0.6059,0.2786,0.1702,2.4215,-0.0900,RSG
444103,1.0376,0.5572,0.3774,2.7735,-0.4100,RSG
479,0.6644,0.2197,0.1525,2.5828,0.3100,RSG
5235,0.5867,0.4064,0.2422,2.7300,-0.1200,RSG
6108,0.9309,0.4681,0.2535,2.7921,-0.0300,RSG
8729,0.8664,0.4193,0.2521,3.1522,0.0100,RSG
11130,0.4968,0.3843,0.2386,3.2524,-0.2200,RSG
12743,0.7324,0.3141,0.1586,2.7114,-0.2500,RSG
16350,0.6526,0.3208,0.1978,2.5824,-0.2500,RSG
18225,0.6194,0.5192,0.0164,2.9137,0.1300,RSG
18558,0.6577,0.3643,0.1912,2.5239,-0.2000,RSG
19103,0.6617,0.3028,0.2116,2.5954,-0.1300,RSG
22302,0.6275,0.2942,0.2008,2.4743,-0.2100,RSG
31229,0.6820,0.3294,0.1740,2.5960,-0.2000,RSG
33133,0.6273,0.3117,0.1591,2.6262,-0.2300,RSG
45915,0.5326,0.2849,0.1876,2.4450,-0.1500,RSG
63625,0.5065,0.2894,0.1338,2.2073,-0.0200,RSG
70204,0.6106,0.2826,0.1960,2.3114,-0.1400,RSG
76356,0.5068,0.2912,0.1609,2.2812,-0.0800,RSG
442662,0.4766,0.2545,0.0033,2.4873,-0.1300,RSG
458747,0.6775,0.3308,0.1362,2.6746,-0.2800,RSG
464300,0.5488,0.3832,0.1567,2.7619,0.0000,RSG
470261,0.6815,0.3335,0.1739,2.8480,-0.3900,RSG
476774,0.5878,0.3427,0.0985,2.6458,-0.3500,RSG
482173,0.5396,0.3075,0.1323,2.5523,-0.2700,RSG
491700,0.5085,0.2520,0.1706,2.1178,0.2200,RSG
496407,0.5256,0.2637,0.2435,2.4418,-0.4800,RSG
32565,0.5728,0.3203,0.1729,2.6368,-0.3000,RSG
12989,0.5228,0.3381,0.1497,2.6451,-0.2200,RSG
1486,1.0822,0.6443,0.2284,2.9148,-0.0800,RSG
11864,0.6556,0.4315,0.2314,2.5590,-0.1000,RSG
21845,0.6496,0.3209,0.1854,2.5425,-0.2500,RSG
443471,1.1663,0.4629,0.2230,3.0130,-0.1200,RSG
1582,0.7545,0.3512,0.1853,2.9274,0.2400,RSG
3389,1.0948,0.4611,0.3005,3.1339,-0.1000,RSG
10503,1.0334,0.5484,0.2851,2.9066,-0.8400,RSG
13178,0.7691,0.4612,0.1875,2.8287,-0.6100,RSG
15194,0.8211,0.4551,0.2055,2.7736,-0.4300,RSG
16207,0.7989,0.4447,0.2704,2.8838,-0.3200,RSG
16252,0.6486,0.3605,0.1876,2.5155,-0.2000,RSG
16633,0.7910,0.3883,0.2527,2.6416,-0.1500,RSG
23756,0.6232,0.7282,-0.2064,2.9155,-0.6300,RSG
24929,0.8511,0.3625,0.2517,2.9123,-0.3600,RSG
26392,0.7227,0.3908,0.1888,2.7103,-0.4400,RSG
31417,0.7406,0.3981,0.2013,2.6284,-0.3400,RSG
90634,0.8965,0.4882,0.2531,2.7596,-1.8900,RSG
453815,0.8256,0.4106,0.2627,2.8300,-0.1800,RSG
466056,0.7060,0.3749,0.2041,2.6095,-0.2500,RSG
466232,0.7399,0.3193,0.1732,2.7053,-0.4900,RSG
2811,0.7815,0.4282,0.1802,2.1894,0.1900,RSG
4769,0.9096,0.3319,0.2101,2.5820,0.1100,RSG
6059,0.8395,0.4132,0.2487,2.4390,-0.0600,RSG
8883,0.8436,0.3762,0.1631,2.7389,-0.0400,RSG
10210,0.7010,0.3458,0.2004,2.5104,-0.2100,RSG
10440,0.9589,0.4240,0.2846,2.8018,-0.2800,RSG
12819,0.9330,0.4607,0.2342,2.9111,-0.2900,RSG
16812,0.7923,0.3575,0.1715,2.8464,-0.1600,RSG
18654,0.7676,0.3209,0.2349,2.7276,-0.3100,RSG
21669,0.7354,0.4944,0.2140,2.6494,-0.2400,RSG
23167,0.8145,0.3600,0.2832,2.6865,-0.2500,RSG
32929,0.6714,0.3683,0.1772,2.5432,-0.3100,RSG
33280,0.7398,0.3743,0.2371,2.7223,-0.3500,RSG
34094,0.7999,0.4239,0.2497,2.7979,-0.8700,RSG
38867,0.7007,0.3505,0.2091,2.4973,-0.1800,RSG
44337,0.7286,0.3051,0.2463,2.5604,-0.2900,RSG
53238,0.8608,0.3795,0.2641,2.6523,-0.5200,RSG
66625,0.7298,0.3441,0.2154,2.6922,-0.7400,RSG
140231,0.7298,0.3441,0.2154,2.6922,-1.4000,RSG
145871,0.6518,0.2794,0.1995,2.4687,-1.0800,RSG
439926,1.1924,0.6714,0.2717,2.8697,0.3000,RSG
440031,1.2166,0.7560,0.4581,3.2870,-0.1800,RSG
441121,1.6817,0.4374,0.1078,3.0250,-0.3900,RSG
441490,1.2418,0.6292,0.2205,2.9766,-0.1100,RSG
446912,0.7300,0.4959,0.1456,2.7018,-0.3100,RSG
451160,0.8377,0.4015,0.2450,2.7231,-0.1400,RSG
451814,0.8952,0.3667,0.2249,2.7415,-0.1200,RSG
451919,0.8023,0.4030,0.2346,2.6648,-0.1200,RSG
451955,0.7017,0.3057,0.2049,2.5740,-0.2600,RSG
458443,0.9432,0.3325,0.3845,2.7796,-0.3300,RSG
466744,0.7382,0.3192,0.2111,2.6505,-0.3100,RSG
482641,0.7368,0.3394,0.2171,2.6462,-0.2800,RSG
499354,0.7057,0.3066,0.1485,2.7075,-0.6500,RSG
350,1.9570,0.5539,0.4598,3.0378,0.1300,RSG
633,1.5405,0.5217,0.5193,3.2640,0.1400,RSG
919,1.3704,0.6541,0.4384,3.3433,0.0700,RSG
1024,1.1570,1.0311,0.3946,3.1506,0.1000,RSG
2476,1.1387,0.3619,0.2304,2.8083,-0.1500,RSG
2724,1.2121,0.5925,0.3153,2.9119,-0.0800,RSG
3259,1.0209,0.8389,0.2650,2.8713,-0.1400,RSG
3490,0.9949,0.4559,0.3342,2.8935,-0.0700,RSG
4004,1.4454,0.5340,0.1342,2.9156,-0.1400,RSG
4409,0.9943,0.4550,0.2079,2.7108,-0.1100,RSG
6291,0.9867,0.3380,0.3120,2.9598,-0.3900,RSG
8009,0.9580,0.3725,0.2353,2.7439,-0.2600,RSG
8063,0.7869,0.3998,0.2291,2.7947,-0.1300,RSG
8331,0.9629,0.4558,0.2371,2.7091,-0.1900,RSG
8825,0.7480,0.3376,0.2536,2.5654,-0.3100,RSG
9154,0.9954,0.4873,0.2381,2.7672,-0.1500,RSG
9529,1.0389,0.4822,0.2474,2.8252,-0.2700,RSG
9568,0.7698,0.4161,0.1843,2.5229,-0.0900,RSG
10518,1.0183,0.5623,0.2414,2.4442,0.1700,RSG
10971,0.7816,0.3550,0.1484,2.5869,-0.1100,RSG
12298,0.9254,0.4894,0.2264,2.5388,-0.0600,RSG
12814,0.8409,0.3801,0.2106,2.6878,-0.1800,RSG
15132,1.2819,0.5719,0.2760,2.8179,-0.4700,RSG
16044,0.8704,0.3747,0.2429,2.5929,-0.2300,RSG
17010,0.9562,0.4345,0.2478,2.7488,-0.5000,RSG
19557,0.8231,0.3711,0.1949,2.7768,-0.3000,RSG
22210,0.8533,0.3851,0.2310,2.6272,-0.2600,RSG
22378,0.8694,0.4709,0.2271,2.7620,-1.0100,RSG
23433,0.9896,0.4329,0.2307,2.8223,-0.5000,RSG
25854,0.7915,0.3404,0.1995,2.6286,-0.5700,RSG
31347,0.8461,0.3788,0.2186,2.7309,-0.8000,RSG
440140,1.4812,0.6815,0.2960,3.5155,0.1000,RSG
440214,1.3138,0.6538,0.2780,3.0227,-0.0200,RSG
440710,1.3765,0.7207,0.3279,3.3499,0.1000,RSG
441628,1.3285,0.5461,0.3403,3.1507,-0.2400,RSG
442061,0.9905,0.5882,0.2246,2.7862,-0.0400,RSG
442197,1.3716,0.5592,0.2895,3.2682,-0.2800,RSG
442595,1.2999,0.4134,0.2938,3.3959,-0.1800,RSG
443013,0.7753,0.6575,0.2669,3.0792,-0.2000,RSG
443457,1.0066,0.5390,0.2317,2.4540,0.1200,RSG
443692,0.9239,0.5676,0.2948,2.8977,-0.2200,RSG
444205,1.1140,0.5341,0.2929,2.9993,-0.3400,RSG
445577,0.9870,0.4072,0.2743,2.7974,-0.3100,RSG
446318,0.7513,0.3467,0.1970,2.8013,-0.2100,RSG
447330,0.8178,0.4156,0.2682,2.8821,-0.0500,RSG
447340,1.1227,0.4599,0.2771,2.9768,-0.3200,RSG
450446,0.9340,0.4278,0.2201,2.7291,-0.3200,RSG
451867,0.8872,0.5451,0.2147,2.8884,-0.3700,RSG
452099,0.8009,0.3388,0.2371,2.7806,-0.2700,RSG
455747,0.9031,0.4384,0.1906,2.5383,-0.0600,RSG
459124,1.0103,0.4885,0.2274,2.7358,-0.4300,RSG
465474,0.7471,0.3973,0.2003,2.6026,-0.2400,RSG
470749,0.7766,0.3862,0.2758,2.7287,-0.6500,RSG
440780,1.0484,0.5024,0.2229,2.9667,-0.1700,RSG
1477,1.0328,0.7945,0.3536,3.2721,0.0900,RSG
459,1.2148,0.9867,0.3678,3.6058,0.3800,RSG
1996,1.2052,0.6795,0.2229,2.8439,0.0300,RSG
3428,1.1001,0.6461,0.2599,2.8825,-0.2800,RSG
3562,1.1008,0.5635,0.2844,2.8207,-0.2500,RSG
4037,1.2416,0.3323,0.2855,2.7093,-0.1700,RSG
4045,1.0694,0.5206,0.2820,2.8910,-0.1500,RSG
4481,0.9498,0.5346,0.2474,3.0552,-0.1700,RSG
4492,0.9466,0.4163,0.3304,2.8903,-0.5000,RSG
5045,0.9773,0.4345,0.2740,2.7367,-0.1500,RSG
5955,0.9136,0.6105,0.2159,2.7768,-0.2600,RSG
6422,1.0478,0.4345,0.2438,2.8488,-0.0800,RSG
7044,1.3448,0.4992,0.2813,3.0156,-0.2400,RSG
11407,1.0524,0.4429,0.2167,2.7319,-0.2200,RSG
11960,1.0417,0.4496,0.2346,2.5788,-0.3700,RSG
439678,1.3867,0.7759,0.6776,3.8360,0.3200,RSG
440017,1.1442,0.6745,0.2929,3.3738,0.2400,RSG
440085,1.2148,0.9311,0.3962,3.5013,-0.3100,RSG
440260,1.4822,0.5877,0.2402,3.2382,-0.3800,RSG
440295,1.0041,0.6324,0.3374,3.0626,-0.0800,RSG
440668,1.4531,0.6909,0.1455,3.1982,0.0500,RSG
440759,1.4435,0.5533,0.2815,3.0698,-0.2300,RSG
441144,0.9290,0.5558,0.2388,3.0679,-0.3800,RSG
441504,1.3899,0.7830,0.3520,3.0258,-0.2000,RSG
441536,1.3356,0.7276,0.2057,3.2379,-0.3300,RSG
443219,1.0220,0.6071,0.1606,2.8198,-0.3300,RSG
443517,1.1912,0.6796,0.2399,3.0791,-0.3900,RSG
444431,1.1748,0.5683,0.2544,2.8703,-0.2400,RSG
444618,1.1707,0.4502,0.3289,2.9638,-0.2500,RSG
445124,1.0242,0.5404,0.2368,2.9473,-0.4800,RSG
446755,0.9459,0.4852,0.2055,2.8035,-0.4200,RSG
446936,1.0538,0.4882,0.2194,2.9477,-0.2600,RSG
447843,1.1861,0.6646,0.2253,2.7440,-0.1700,RSG
448157,1.0275,0.5987,0.2507,2.9776,-0.5800,RSG
450001,0.9211,0.4544,0.2193,2.6945,-0.1400,RSG
336,1.1384,0.4387,0.2317,2.2617,0.1200,RSG
3100,1.3829,0.6591,0.2910,2.9704,-0.1200,RSG
3978,0.7452,0.8024,0.4766,3.1745,-0.1200,RSG
14430,1.3206,0.6353,0.3122,2.8265,-0.7200,RSG
440294,1.0231,0.7509,0.3094,3.2974,0.0500,RSG
440811,1.4912,0.4802,0.5462,3.2589,-0.0600,RSG
441869,1.4367,0.6605,0.3681,3.4265,-0.0800,RSG
445925,1.0640,0.4405,0.2850,2.8475,-0.2500,RSG
448938,1.0092,0.4362,0.1884,2.8504,-0.2400,RSG
444365,1.1156,0.5792,0.2725,2.9648,-0.4700,RSG
464102,0.8979,0.4772,0.1734,2.7185,-0.6100,RSG
875,1.5602,0.5235,0.6101,3.2989,0.0900,RSG
991,1.4903,0.7511,0.3447,3.4222,0.0600,RSG
1158,0.7834,0.5135,0.4628,2.9723,0.1100,RSG
1209,1.1332,1.0084,0.2019,3.3206,-0.0500,RSG
1484,1.5466,0.6909,0.4318,3.2091,-0.1000,RSG
1617,1.5615,0.7567,0.3281,3.1613,-0.0200,RSG
1847,1.0396,0.7021,0.3854,2.9526,0.0000,RSG
2273,1.5222,0.4027,0.3820,3.3931,-0.0800,RSG
3072,1.3027,0.7287,0.2265,2.5541,0.2200,RSG
3098,1.3545,0.5625,0.3189,3.0745,-0.2800,RSG
3257,0.8704,0.2355,0.6692,2.8071,-0.1700,RSG
5140,0.9830,0.6043,0.2935,3.0821,-0.0800,RSG
5559,0.6926,1.9235,-1.4129,2.4014,-0.1000,RSG
6580,0.7084,0.1979,0.2288,3.3369,0.0900,RSG
8236,0.7226,0.3335,0.2200,2.6328,-0.2600,RSG
8416,0.6949,0.3253,0.2385,2.5306,-0.1500,RSG
8634,0.8565,0.4444,0.2754,2.9018,-0.1500,RSG
9167,0.5898,0.3426,0.1806,3.3947,-0.1300,RSG
39447,0.8006,0.4179,0.2531,2.6832,-0.6900,RSG
45122,0.0209,0.4141,0.2770,2.7973,-0.2700,RSG
244476,0.6094,0.4045,0.2318,2.4500,-2.9600,RSG
439941,1.1191,0.6387,0.1602,3.6783,0.6000,RSG
440224,1.1729,0.6003,0.3376,3.4701,0.2700,RSG
440497,0.9971,0.4794,0.2965,2.7248,-0.0600,RSG
440968,1.3838,0.7059,0.3455,3.1747,-0.0500,RSG
441506,1.1924,0.6709,0.4042,3.0593,-0.1900,RSG
442323,1.4083,0.6186,0.3836,3.1614,-0.2200,RSG
442576,1.3159,0.6307,0.3561,3.0506,-0.4100,RSG
443006,0.1955,0.0559,0.2318,3.1685,0.3800,RSG
443763,1.2094,0.5809,0.2076,3.0606,-0.2400,RSG
444610,1.2905,0.6232,0.3714,2.7475,-0.1400,RSG
447048,0.6366,0.3547,0.2268,2.6250,-0.2800,RSG
456720,0.6435,0.3043,0.1773,2.5982,-0.3600,RSG
458446,1.0371,0.4506,0.2722,2.9155,-0.7900,RSG
478183,0.6679,-0.0586,0.3021,2.4761,0.1200,RSG
5881,0.4549,0.0980,0.2095,2.5237,-0.2000,RSG
18419,0.5818,0.3882,0.3084,3.1621,-0.4800,RSG
31518,0.5029,0.3329,0.1197,2.4868,-0.2200,RSG
34269,0.3434,0.3031,0.1630,2.7618,-0.4400,RSG
37458,0.5247,0.2630,0.1740,2.1971,0.1200,RSG
69011,0.3342,0.2496,0.0539,2.5709,-0.2300,RSG
442277,0.8127,0.5400,0.3741,2.9748,-0.0700,RSG
444725,1.0201,0.4273,0.2694,2.6508,-0.0900,RSG
445701,0.3151,0.0987,0.0571,4.0803,0.1400,RSG
451830,0.4758,0.3592,-0.1839,3.5788,0.1400,RSG
452977,0.7578,0.5144,0.2098,2.8437,-0.3500,RSG
455305,0.7097,0.3159,0.2776,2.8242,-0.5000,RSG
469876,0.5987,0.1544,0.2746,3.1441,-0.2000,RSG
472226,0.5810,0.3632,0.1660,2.7843,-0.2600,RSG
478112,0.3732,0.1828,0.2237,2.3683,-0.4200,RSG
483396,0.6877,0.3622,0.1319,2.7082,-0.5000,RSG
484173,0.6834,0.3907,0.1914,2.6491,-0.2500,RSG
485263,0.3573,0.2043,0.0957,2.6020,-0.2700,RSG
507247,0.5649,-0.0474,0.4281,2.6618,-0.4900,RSG
616813,0.2032,0.2834,0.0690,2.4776,-0.6900,RSG
97,0.7202,0.5334,0.1987,3.1188,0.2500,RSG
154,0.5737,0.7077,0.1030,3.1641,0.5200,RSG
208,1.0527,0.8508,0.1809,2.9414,-0.0600,RSG
249,0.6105,0.2789,0.0907,2.3656,0.0400,RSG
279,0.4849,0.3199,0.1501,2.3611,-0.1800,RSG
285,0.8509,0.8080,0.2248,2.8175,0.0400,RSG
299,1.0283,0.4441,0.2994,2.9314,0.0300,RSG
359,1.2969,0.5720,0.2175,3.1281,0.0700,RSG
366,1.1249,0.2035,0.1786,2.6531,0.2300,RSG
372,1.2998,0.5519,0.5164,2.7487,0.0400,RSG
387,0.7059,0.4197,0.2860,3.1646,0.0800,RSG
391,1.0267,0.7778,0.2170,3.2749,-0.2000,RSG
397,0.8753,0.5848,0.3239,3.2577,-0.0400,RSG
398,1.8249,0.5570,0.4520,3.3557,-0.1300,RSG
400,0.5760,0.3562,0.0858,2.4571,-0.1100,RSG
401,0.7834,0.6827,0.2925,2.8903,-0.0600,RSG
430,1.1636,0.4992,0.3483,2.7966,-0.0900,RSG
448,1.5616,0.1502,0.2664,3.1006,0.0800,RSG
449,1.3603,0.5874,0.2499,2.8897,-0.1100,RSG
452,0.9502,0.4514,0.2614,2.5703,-0.1400,RSG
456,0.9426,0.4900,0.2390,2.6684,-0.1500,RSG
462,1.0021,0.5089,0.2605,2.6852,-0.0700,RSG
517,0.7272,0.7050,0.1391,2.9143,0.0800,RSG
555,0.7735,0.5477,0.1707,2.6536,0.0600,RSG
573,1.4518,0.6894,0.3895,3.2288,0.2000,RSG
608,1.3119,0.4392,0.1917,2.4611,-0.1700,RSG
635,0.3944,0.1085,0.1278,1.7901,0.1200,RSG
673,0.8315,0.1482,0.2113,2.7636,-0.0200,RSG
758,0.8171,0.6995,0.1172,2.8733,0.0100,RSG
759,1.0566,0.5280,0.2948,2.9008,-0.2200,RSG
761,0.6416,0.3427,0.2097,2.4558,-0.2800,RSG
787,1.2997,0.3074,0.1834,2.5933,0.0300,RSG
803,0.6198,0.3556,0.2050,2.4314,-0.2000,RSG
893,1.0263,0.4372,0.2812,2.3892,-0.0900,RSG
913,0.8285,0.5027,0.2218,2.7797,-0.1900,RSG
934,1.0036,0.5743,0.1690,2.6152,-0.0100,RSG
956,0.6604,0.5002,0.4119,3.2227,-0.3200,RSG
1002,1.0066,0.4667,0.2593,2.7276,-0.1600,RSG
1010,0.6914,0.3906,0.2927,2.8569,-0.1000,RSG
1107,0.7884,0.3165,0.2062,2.4045,0.0100,RSG
1217,0.3222,0.2883,0.1351,2.1647,0.1200,RSG
1218,1.0486,0.5875,0.1120,2.6345,-0.1400,RSG
1221,1.2152,0.3624,0.2082,2.5694,-0.0500,RSG
1239,0.9727,0.4467,0.1469,2.6177,-0.1500,RSG
1270,0.9535,0.4846,0.2607,2.9322,-0.3700,RSG
1318,0.9929,0.5976,0.1896,2.6034,-0.1700,RSG
1383,0.9008,0.4963,0.2063,2.5738,-0.2200,RSG
1390,0.8581,0.2944,0.1861,2.5266,-0.2300,RSG
1412,1.0410,0.4451,0.2924,2.5879,-0.2200,RSG
1419,1.2347,0.1683,0.2664,2.6570,-0.0500,RSG
1433,0.9466,0.2640,0.2392,2.4921,-0.2000,RSG
1513,1.0685,0.5276,0.2991,2.4494,-0.1900,RSG
1517,0.9720,0.4357,0.3433,2.4944,-0.2000,RSG
1543,0.9454,0.4793,0.1728,2.6903,-0.1200,RSG
1561,1.0009,0.4869,0.2534,2.6212,-0.2700,RSG
1643,0.6371,0.3540,0.1741,2.4767,-0.7700,RSG
1678,0.9012,0.4005,0.2115,2.5874,-0.1500,RSG
1702,1.1729,0.5545,0.2569,1.9599,-0.1000,RSG
1738,0.9692,0.4290,0.1974,2.5741,-0.2000,RSG
1753,0.9683,0.4721,0.2807,3.0271,-0.0600,RSG
1770,0.5563,0.3311,0.2187,2.5497,-0.2500,RSG
1800,0.9037,0.3870,0.2539,2.5018,-0.2100,RSG
1803,0.8671,0.4483,0.2855,1.9040,0.2300,RSG
1810,0.8354,0.3178,0.2362,1.6892,-0.0200,RSG
1830,1.0949,0.3495,0.2793,2.5925,-0.9800,RSG
1896,0.9304,0.4518,0.2396,2.5737,-0.2200,RSG
1940,0.5444,0.2805,0.1397,2.3379,-0.1700,RSG
1971,1.0865,0.5060,0.2660,2.5058,-0.1200,RSG
1994,0.8782,0.4325,0.2323,2.5092,-0.2000,RSG
2001,1.1478,0.5470,0.1881,2.5523,-0.5300,RSG
2045,0.9096,0.4686,0.2314,2.5367,-0.1700,RSG
2184,1.0229,0.5325,0.3334,2.7568,-0.2900,RSG
2186,0.9850,0.4511,0.2852,2.8427,-0.2400,RSG
2195,0.7385,0.4302,0.2177,2.5736,-0.2800,RSG
2231,2.4801,0.3162,0.1901,2.6152,-0.1100,RSG
2295,0.6914,0.4518,0.2319,3.1189,-0.1900,RSG
2375,0.8643,0.3877,0.2074,2.5345,-0.1700,RSG
2384,1.2206,0.4110,0.3354,2.6890,-0.2600,RSG
2405,1.2145,0.6548,0.1963,2.9235,-0.2800,RSG
2532,0.9202,0.4474,0.2119,2.4961,-0.2200,RSG
2549,0.8079,0.3731,0.2849,2.4636,-0.2200,RSG
2593,0.8215,0.4090,0.1809,2.5505,-0.2200,RSG
2638,1.0444,0.4109,0.2235,2.4876,-0.1600,RSG
2646,1.1951,0.5455,0.3397,2.7003,-0.7200,RSG
2674,0.9313,0.5108,0.3218,1.8719,-0.2000,RSG
2753,1.1065,0.5354,0.2714,2.7039,-0.2100,RSG
2894,1.2627,0.6310,0.2875,2.5972,-0.2600,RSG
3012,0.8723,0.4174,0.2465,2.6339,-0.2400,RSG
3024,0.7539,0.4303,0.2051,2.4559,-0.2100,RSG
3039,0.6989,0.2957,0.2140,2.3998,-0.2600,RSG
3046,0.7742,0.3597,0.2272,2.4244,-0.2000,RSG
3055,0.9055,0.4216,0.2691,2.8094,-0.2900,RSG
3056,1.0062,0.5644,0.2843,2.6017,-0.3200,RSG
3063,0.9759,0.4307,0.3236,2.3482,-0.1800,RSG
3094,0.6155,0.2868,0.1815,2.3153,-0.1500,RSG
3191,0.7519,0.3597,0.1987,2.5955,-0.3300,RSG
3268,1.0966,0.4821,0.2126,2.5135,-0.1600,RSG
3428,0.8829,0.4227,0.1733,2.5755,-0.2200,RSG
3504,0.6503,0.3168,0.2612,2.1342,0.1000,RSG
3620,0.2547,0.1187,0.1260,1.9108,-0.1600,RSG
3633,0.7664,0.3619,0.2089,2.4774,-0.3000,RSG
3701,1.0992,0.4990,0.2152,2.5939,-0.2700,RSG
3719,0.8196,0.4038,0.2097,2.3723,-0.2600,RSG
3736,0.7631,0.4479,0.2052,2.5748,-0.2000,RSG
3785,0.6652,0.4587,0.2137,2.5361,-0.2900,RSG
3911,0.7478,0.3589,0.2171,2.3858,-0.2400,RSG
4066,0.3815,0.1793,0.0983,1.8326,-0.0500,RSG
4084,0.5056,0.2332,0.1571,2.1814,-0.2700,RSG
4136,1.0082,0.4211,0.2531,2.5039,-0.1800,RSG
4376,0.4027,0.2294,0.0978,2.0135,-0.2900,RSG
4416,0.7536,0.3562,0.2261,2.5736,-0.3800,RSG
4460,0.7381,0.3631,0.2061,2.5495,-0.2100,RSG
4474,0.3547,0.1391,0.1226,1.7784,-0.1600,RSG
4656,0.5066,0.2846,0.2286,2.3145,-0.2500,RSG
4785,0.5997,0.3022,0.2015,2.2166,-0.2100,RSG
4801,0.6708,0.3714,0.1946,2.4592,-0.2800,RSG
4962,0.4883,0.2110,0.1125,2.0191,-0.1800,RSG
5004,0.6932,0.3122,0.1442,2.3862,-0.2400,RSG
5052,0.9814,0.4332,0.2747,2.5712,-0.3200,RSG
5063,0.6803,0.2946,0.1965,2.3771,-0.1900,RSG
5148,0.5749,0.2922,0.1952,2.2537,-0.3500,RSG
5338,0.9804,0.4481,0.2430,2.6150,-0.4200,RSG
5371,0.5881,0.2772,0.1955,2.2577,-0.1900,RSG
5467,0.4394,0.2459,0.1951,3.2064,-0.6400,RSG
5469,0.6500,0.3092,0.2113,2.5008,-0.1800,RSG
5530,0.7911,0.3732,0.1748,2.8124,-0.3000,RSG
5660,0.7313,0.3296,0.1804,2.4438,-0.9300,RSG
5836,0.3861,0.1517,0.1275,2.5624,-0.8300,RSG
5938,0.5181,0.2247,0.1627,2.1597,-0.8100,RSG
6018,0.8271,0.3933,0.2272,2.4488,-0.3400,RSG
6158,0.4202,0.2210,0.0899,2.2923,-0.3200,RSG
6187,0.5976,0.3611,0.2205,2.6850,-0.3800,RSG
6249,0.7207,0.2776,0.1909,2.2667,-0.2100,RSG
6716,0.7741,0.3901,0.2359,2.6897,-0.2600,RSG
7003,0.6245,0.3059,0.2184,2.3181,-0.2300,RSG
7135,1.0801,0.2811,0.3849,2.3398,-0.8100,RSG
7269,0.6940,0.2924,0.2486,2.3202,-0.1800,RSG
7552,0.7087,0.3510,0.2062,2.4407,-0.2900,RSG
7569,0.2147,0.2271,0.1487,1.1289,0.1000,RSG
7589,0.6637,0.4201,0.2174,1.5991,-0.1500,RSG
7600,0.5945,0.2840,0.2053,2.2753,-0.9600,RSG
7620,0.1261,0.2872,0.0260,2.3000,-0.3100,RSG
7646,0.6329,0.2720,0.2154,2.6255,-0.3200,RSG
7795,0.4768,0.1888,0.1434,2.0275,-0.6500,RSG
7879,0.6645,0.3537,0.2292,2.2622,-0.8400,RSG
7982,0.5620,0.2550,0.1813,2.1946,-0.1400,RSG
8068,0.7971,0.3336,0.1748,2.4823,-0.2900,RSG
8601,0.6530,0.3198,0.1886,1.6629,-0.2200,RSG
8826,0.5862,0.3042,0.2234,2.4826,-0.2700,RSG
8860,0.5143,0.3821,0.2065,2.5646,-0.2300,RSG
8920,0.6002,0.2746,0.2185,2.2106,-0.2500,RSG
8940,0.6597,0.3212,0.1922,2.4159,-0.2000,RSG
8944,0.8788,0.3986,0.2447,2.3730,-0.5900,RSG
9007,0.5771,0.2508,0.2124,2.2572,-0.2100,RSG
9159,0.6875,0.3134,0.2369,2.4362,-0.3300,RSG
9211,0.7202,0.3488,0.2189,2.3528,-0.2600,RSG
10024,0.3878,0.1067,0.1071,1.7253,-0.1300,RSG
10299,0.5674,0.2790,0.2081,2.3891,-0.1500,RSG
10360,0.6906,0.3341,0.2040,2.2129,-0.9500,RSG
10523,0.5117,0.3045,0.1401,1.7979,-0.0400,RSG
10701,0.6559,0.3372,0.2281,2.3765,-0.2100,RSG
10792,0.5542,0.2602,0.2008,2.1206,-0.1800,RSG
10988,0.5774,0.2937,0.1968,2.2711,-0.0900,RSG
11086,0.5564,0.2911,0.1553,2.2932,-0.0900,RSG
11355,0.5974,0.2126,0.1981,2.2652,-0.1900,RSG
11602,0.6134,0.2718,0.1783,2.1294,-0.2500,RSG
11954,0.5936,0.2771,0.1880,2.1356,-0.1700,RSG
12232,0.5601,0.2915,0.1518,2.3035,-0.2100,RSG
12570,0.5879,0.2911,0.2001,2.3108,-0.2300,RSG
12724,0.6289,0.3137,0.2143,1.3933,0.0700,RSG
12752,0.5618,0.2927,0.1833,2.2519,-0.2800,RSG
12786,0.4173,0.1505,0.1307,2.0544,-0.1900,RSG
12857,0.4352,0.1542,0.1666,1.9349,-0.0900,RSG
12960,0.5716,0.2880,0.2057,2.5000,-0.2800,RSG
13057,0.4908,0.2216,0.1560,2.2125,-0.1500,RSG
13359,0.5388,0.2652,0.2196,2.2393,-0.3100,RSG
13934,0.5724,0.2284,0.1877,2.1411,-0.2400,RSG
14727,0.5845,0.3064,0.1818,2.3604,-1.0500,RSG
15042,0.5720,0.2784,0.2057,2.2622,-0.2000,RSG
15417,0.5699,0.2912,0.1732,2.3283,-0.2500,RSG
16049,0.5285,0.2867,0.1954,2.6074,-0.3900,RSG
16173,0.5084,0.2469,0.2155,2.2106,-0.1600,RSG
16204,0.6945,0.3220,0.1891,2.3674,-1.0300,RSG
16483,0.4724,0.2381,0.1712,2.1312,-0.2100,RSG
16562,0.6384,0.2908,0.1887,2.3670,-0.8600,RSG
16768,0.3987,0.1919,0.1127,1.9464,-0.2500,RSG
16868,0.5169,0.2952,0.1965,1.9308,-0.5800,RSG
17150,0.5795,0.2854,0.1803,1.0602,0.1600,RSG
19499,0.5406,0.2400,0.1856,2.1642,-0.2400,RSG
19555,0.6852,0.2890,0.2498,1.4943,-0.1300,RSG
21087,0.3942,0.1584,0.1548,1.9212,-0.1600,RSG
21366,0.5223,0.2517,0.2120,2.2652,-0.1900,RSG
21440,0.3032,0.1432,0.1000,1.5501,-0.1000,RSG
21817,0.7316,0.3458,0.2037,2.3556,-1.1000,RSG
21821,0.4858,0.2083,0.1484,2.0821,-0.9700,RSG
22792,0.5085,0.2520,0.1883,1.4769,-0.2800,RSG
25404,0.5408,0.2394,0.1746,2.2938,-0.9700,RSG
25433,0.5581,0.2568,0.1854,1.5533,-0.2200,RSG
25885,0.5137,0.2798,0.2300,2.2522,-0.7300,RSG
27289,0.4887,0.2602,0.2032,0.0292,1.1200,RSG
27834,0.6183,0.3161,0.1950,2.3728,-1.1400,RSG
29928,0.4867,0.2338,0.1538,1.3325,-0.1200,RSG
33163,0.5210,0.2631,0.1855,1.4264,-0.2600,RSG
34971,0.5219,0.2563,0.2155,2.1170,-0.9200,RSG
40582,0.4741,0.2474,0.2101,1.9247,-0.8800,RSG
41597,0.7172,0.3289,0.2254,1.1506,-0.9500,RSG
42435,0.4599,0.2148,0.1731,2.2191,-0.8100,RSG
210,0.8703,0.4227,0.3236,3.2274,0.2300,RSG
351,1.3101,0.7302,0.4747,2.6883,0.0300,RSG
898,0.8740,0.3974,0.2683,2.7484,-0.2400,RSG
1008,0.9071,0.4570,0.2028,3.0452,-0.2600,RSG
1166,0.8100,0.4962,0.1934,2.7035,-0.0600,RSG
1248,0.7085,0.6841,0.2320,2.5456,-0.0700,RSG
2245,0.8292,0.3515,0.2149,2.4945,-0.2200,RSG
2542,0.8071,0.3850,0.2899,2.4137,0.0400,RSG
3045,0.8647,0.5564,0.1872,2.6341,-0.2100,RSG
3379,0.7494,0.2867,0.1881,2.3048,-0.1400,RSG
3398,0.7363,0.4874,0.2825,2.8067,-0.2100,RSG
4712,0.5244,0.3684,0.2376,2.5352,-0.2000,RSG
4964,0.3160,0.3142,0.2092,2.9087,0.0800,RSG
5206,0.5241,0.3679,0.1593,2.2859,-0.3700,RSG
5366,0.6189,0.3269,0.1829,2.4514,-0.1400,RSG
5900,0.7424,0.3743,0.2003,2.3724,-0.2000,RSG
6145,0.4751,0.2416,0.2097,2.1333,-0.2300,RSG
6577,0.7205,0.3939,0.2780,2.4678,-0.2200,RSG
6834,0.6300,0.4012,0.2853,2.6683,-0.2100,RSG
7587,0.4593,0.2823,0.1706,2.2761,-0.2100,RSG
7617,0.5533,0.3033,0.2096,2.3538,-0.3300,RSG
7672,0.6728,0.3217,0.2405,2.6266,-0.3900,RSG
8169,0.3404,0.1440,0.1568,2.0434,-0.0800,RSG
8644,0.5348,0.3119,0.2185,2.4525,-0.2500,RSG
9052,0.1586,0.2590,0.0626,2.1574,-0.3200,RSG
9830,0.5345,0.2558,0.1938,2.2926,-0.2300,RSG
9959,0.6880,0.4123,0.1856,2.6643,-0.3100,RSG
10836,0.4345,0.2966,0.2054,2.5428,-0.2900,RSG
11622,0.4850,0.2459,0.1928,2.3878,-0.2400,RSG
11798,0.5868,0.3132,0.2408,1.4680,-0.1600,RSG
12267,0.5989,0.2960,0.2071,2.3296,-0.2700,RSG
14241,0.6243,0.3225,0.2264,2.4347,-0.2600,RSG
16327,0.4765,0.2500,0.1932,2.2356,-0.2100,RSG
17130,0.3687,0.2328,0.1399,2.2213,-0.0200,RSG
20170,0.4186,0.2728,0.1066,2.3806,-0.2400,RSG
20227,0.5427,0.2020,0.1685,2.2157,-0.2900,RSG
20568,0.4135,0.2420,0.2269,2.2193,-0.2000,RSG
32141,0.4187,0.2092,0.1780,2.2844,-1.0400,RSG
33683,0.4605,0.2140,0.1103,1.9501,-0.1900,RSG
38967,0.4674,0.2421,0.1742,1.3863,-0.2600,RSG
442,-0.4532,0.0724,-0.1629,4.9310,0.8300,BeBR
713,-0.0747,-0.0055,-0.1516,3.9547,0.5900,BeBR
813,0.1468,0.1246,0.0011,4.9541,0.7200,BeBR
1255,-0.1527,0.0826,-0.1608,4.7076,0.6100,BeBR
425,0.4351,0.3319,0.1097,4.2121,0.6500,BeBR
842,-0.0802,0.0675,-0.0589,4.1693,0.8900,BeBR
4677,-0.4162,0.0539,-0.1891,4.8779,0.5500,BeBR
6317,0.2227,0.0202,0.0156,2.4861,0.3400,BeBR
439599,0.1567,0.1009,0.0570,5.1019,0.6000,BeBR
440407,-0.4683,0.2247,-0.3016,5.4232,0.5300,BeBR
440963,-0.1093,0.1640,0.0124,4.6761,0.5900,BeBR
79,-0.1872,0.0576,-0.2258,4.5697,0.5100,BeBR
409,-0.9082,0.1268,-0.0290,5.2918,0.6700,BeBR
670,-0.5896,0.0129,0.0000,5.4507,0.6500,BeBR
760,-0.1585,-0.0196,-0.0915,3.7898,0.6700,BeBR
849,-0.0278,0.0681,-0.1841,4.2366,0.7400,BeBR
4641,0.1483,-0.0524,-0.0112,1.8802,0.3500,LBV
10173,-0.0680,0.1632,0.0526,2.6658,0.1900,LBV
32728,0.1370,-0.4271,-0.1103,2.1432,-0.1200,LBV
39660,-0.1770,0.1777,-0.1364,0.9400,0.2000,LBV
6383,-0.1045,-0.1502,-0.1556,1.8254,0.2600,LBV
3070,-0.2017,-0.0942,0.1505,1.2316,0.1700,LBV
15500,-0.3405,0.1672,-0.2084,2.7176,0.1700,WR
482917,-0.0194,0.0055,0.0589,3.0644,0.1800,WR
515626,-0.0073,0.8889,0.4113,3.1201,-0.0600,WR
19309,-0.1234,-0.0832,-0.0501,1.3875,0.1300,WR
48994,0.3640,0.4221,0.4702,3.1842,-0.2300,WR
66217,0.1301,0.0974,0.0453,2.4833,0.3400,WR
79067,-0.0788,-0.0622,0.0058,2.0433,0.2500,WR
117923,-0.0723,-0.0081,0.1065,3.0415,-0.3400,WR
106728,0.0447,0.0674,0.2864,3.5308,-0.2900,WR
282835,-0.2094,0.3857,0.9154,3.7194,-1.7200,WR
488437,-0.3975,0.4323,0.3666,3.0420,0.1900,WR
173631,-0.0553,-0.0168,0.2873,3.2148,-0.2000,WR
468155,1.0234,0.3689,0.6138,3.9612,-0.2100,WR
562344,0.0999,0.0898,0.1799,3.3923,-0.2800,WR
19920,-0.0549,0.6381,0.6531,3.8510,-0.0200,WR
540922,0.0953,-0.0599,0.1347,2.7280,-0.0100,WR
569811,-0.0047,-0.0519,-0.0149,1.9084,0.2300,WR
82077,-0.0213,-0.1014,0.0264,3.1068,-0.5400,WR
142881,0.0996,0.0131,0.2685,2.6994,0.3200,WR
4005,0.9016,0.4545,0.2286,3.2495,0.3100,WR
50763,0.4296,0.1608,0.2735,1.5968,-0.0800,WR
612,0.0001,0.0285,0.1166,2.5236,0.1000,WR
76776,-0.3920,-0.3961,0.2630,0.4265,0.2900,WR
807,0.2701,0.2812,0.2363,2.7132,-0.0700,WR
6619,-0.2584,0.6331,-0.0629,1.5242,0.3900,WR
8509,-0.2786,-0.1639,-0.0667,2.2469,0.2600,WR
9119,0.3500,0.3123,0.1984,3.0195,-0.1700,WR
9122,-0.1271,-0.0986,-0.0081,0.8859,0.0200,WR
10470,-0.2784,-0.2404,0.0126,1.7239,-0.4000,WR
11061,-0.0382,0.4835,0.1970,4.1051,0.0500,WR
12771,-0.0504,-0.2032,-0.0108,2.5104,0.3300,WR
14645,0.6107,0.5072,0.4191,3.4340,-0.2100,WR
20642,-0.0781,-0.2457,-0.1879,1.6221,0.1400,WR
22721,0.1984,0.0905,0.2772,2.2277,0.0200,WR
23192,0.0040,0.3170,0.3087,3.1021,-0.3800,WR
26761,0.1200,-0.0366,0.2294,2.7233,-0.0400,WR
31568,-0.2012,-0.1917,-0.0503,1.1388,0.2200,WR
33369,-0.4989,-0.1859,0.1443,1.5633,0.2200,WR
43954,0.4406,0.3518,0.6771,2.4606,-0.2600,WR
51992,-0.2977,-0.1467,-0.0058,1.2874,0.3800,WR
57747,-0.1303,-0.2034,-0.0168,1.2298,-0.0700,WR
71069,-0.0529,-0.0627,-0.0547,2.4976,-0.4900,WR
1985,0.6055,0.0695,0.1456,4.1324,0.5400,GAL
447378,0.4915,0.0925,0.1761,3.5081,0.0700,GAL
437,-0.0500,0.6247,-0.3156,4.5064,0.7400,GAL
6128,0.0362,-0.0164,-0.0715,3.9928,0.7700,GAL
9512,0.3920,0.0488,0.1422,3.5454,0.4900,GAL
13702,0.3275,0.2595,0.1129,3.8533,0.3000,GAL
76232,0.2952,0.0503,0.0124,3.5240,-0.0900,GAL
442125,0.3780,-0.0139,-0.0913,4.1266,1.0400,GAL
443565,0.2654,0.2132,-0.1016,3.3837,1.0100,GAL
445485,0.1027,-0.0713,0.0628,4.1361,0.7600,GAL
447058,0.2101,-0.3056,0.3611,4.1901,0.9300,GAL
447072,0.2713,0.0782,0.0958,3.7899,0.9000,GAL
463961,-0.1150,0.2516,0.5164,3.4950,0.7900,GAL
4003,0.2373,0.0979,0.1351,3.2030,0.9400,GAL
7498,0.3271,0.1356,0.0640,3.4557,0.1800,GAL
9206,0.2781,0.0950,0.1971,2.9563,0.6100,GAL
10864,0.0143,0.0833,0.1619,2.7076,0.2400,GAL
997,-0.1355,0.6571,-0.3308,4.3537,0.6400,GAL
2625,0.1963,0.4967,0.1856,3.3674,0.0700,GAL
2830,0.4340,-0.0500,0.3579,3.1050,0.1000,GAL
3662,0.4319,0.3077,0.2046,3.4792,-0.8000,GAL
10175,0.2445,-0.0867,0.0550,2.6772,-0.1000,GAL
35292,0.0489,0.1395,0.2315,2.5252,0.7300,GAL
